{
	"license_key" : "",
	"username" : "afrzalm_",
	"password" : "Rizal@21",
	"proxy" : "http://103.149.162.194:80",
	"speed_value" : "400000",
	"targets" : "hijrahfest, _kata2mutiara ",
	"fresh_stories_range" : 20,
	"is_poll_vote_active" : true,
	"is_slider_points_active" : true,
	"is_questions_answers_active" : true,
	"is_quiz_answers_active" : true,
	"is_mass_story_vivew_active": true,
	"questions_answers" : [
		"Bantu Promote kak!",
		"Hi Follow dong kak",
		"Mutualan kak!"
	],
	"slider_points_range" : [
		75,
		100
	]



}