{
	"license_key" : "",
	"username" : "rijalmuhammad.w",
	"password" : "Rizal@250920",
	"proxy" : "http://20.110.214.83:80",
	"speed_value" : "400000",
	"targets" : "ayutingting92, princessyahrini, laudyacynthiabella, lunamaya, raisa6690, agnezmo, chelseaoliviaa, zaskia_gotix, zaskiasungkar15, maudyayunda, shireensungkar, alghazali7, pevpearce, ybrap, baimwong, Inul.d, young_lex18, awkarin, rizkyfbian, prillylatuconsina96, bramastavrl, rickyharun, salshabillaadr, attahalilintar, natashawilona12, ruben_onsu, sarwendah29, dewiperssikreal, fahrulrochman_, irishbella",
	"fresh_stories_range" : 20,
	"is_poll_vote_active" : true,
	"is_slider_points_active" : true,
	"is_questions_answers_active" : true,
	"is_quiz_answers_active" : true,
	"is_mass_story_vivew_active": true,
	"questions_answers" : [
		"Bantu Promote kak!",
		"Saling Follow Yuk!",
		"Nice kak! jangan lupa follow"
	
	],
	"slider_points_range" : [
		75,
		100
	]



}